compassSystemErrorCrossCorrelation,compassFilterErrorCrossCorrelation,fullSystemErrorCrossCorrelation,gyroFilterErrorCrossCorrelation,gyroSystemErrorCrossCorrelation,errorAutoCorrelation
-2.80708241287941e-16,-8.77213254024815e-16,4.91239422253896e-16,2.10531180965956e-16,-2.10531180965956e-16,-1.75442650804963e-17
-0.000504702143676516,-0.000505159459118889,-0.000499845606262178,5.31385285708324e-06,-0.00099849853733834,5.2960049880476e-06
-0.00352900608666573,-0.00353220036930492,-0.00350417566693583,2.80247023674989e-05,-0.00699089142489111,2.77784771728886e-05
-0.0190506610721682,-0.0190678671783259,-0.0189367144649235,0.000131152713403923,-0.0377571087130472,0.000129513255907357
-0.0945435137034085,-0.0946287674757864,-0.0940193660341309,0.000609401441655654,-0.18741306983521,0.000600554113680013
-0.312694723909806,-0.312975705136715,-0.311625532026034,0.00135017311068083,-0.620473624979061,0.00131114788560428
-0.688618279129291,-0.689231147070262,-0.688805437687715,0.000425709382546601,-1.36865568359477,0.000299665234267278
-1.16341322408997,-1.16442752541714,-1.16871317517119,-0.00428564975404687,-2.31620504274084,-0.00458800436172386
-1.67397338276422,-1.67538041177511,-1.68876126432973,-0.0133808525546138,-3.33713705258942,-0.0139623216245453
-2.1755082140304,-2.17723425408563,-2.20365423811095,-0.0264199840253127,-4.3408428630401,-0.0273762329269744
-2.59850592656783,-2.60039142347706,-2.64275081365338,-0.042359390176315,-5.18720448971291,-0.0437609541241371
-2.92330195288878,-2.92515248846671,-2.98329725815413,-0.0581447696874204,-5.83375580620231,-0.0600167093712694
-3.10673961680214,-3.10831535468508,-3.1800360110198,-0.0717206563347152,-6.19305698848187,-0.0740338569888155
-3.14901431363124,-3.15008205945923,-3.23111880899439,-0.0810367495351547,-6.26442965461987,-0.0836990420671893
-3.03875798476823,-3.03909569230455,-3.12348725768163,-0.0843915653770811,-6.02508249994017,-0.0872510718123255
-2.80232940072348,-2.80177455445376,-2.88224129551795,-0.0804667410641853,-5.52801374682896,-0.0833180598741032
-2.44397212800493,-2.442414524041,-2.51207859005558,-0.0696640660145843,-4.7841080216067,-0.0722650528834301
-1.96806973284741,-1.96546042761432,-2.018840571245,-0.0533801436306852,-3.80527798937675,-0.0554670258994321
-1.42333554881246,-1.41973227648435,-1.45228466820001,-0.0325523917156625,-2.69075094673742,-0.0338583573515052
-0.830970115181682,-0.826513278999006,-0.8360724931872,-0.0095592141881954,-1.48602517818624,-0.00984199084939642
-0.235856084681483,-0.230784543310958,-0.216153261294156,0.0146312820167998,-0.281753578026826,0.0155673090127157
0.329928857497534,0.335300287046784,0.373661745122771,0.0383614580759864,0.856587282350374,0.040640902498929
0.823606867796726,0.828894431063595,0.890549382034152,0.0616549509705558,1.84423003372551,0.0653130177558329
1.2207144760032,1.22550317615727,1.30816275616067,0.0826595800033988,2.63123712019765,0.0876271350033545
1.52125101322952,1.52514149271579,1.62546615252713,0.100324659811336,3.21754298270384,0.106424041638659
1.69865172165644,1.70126198988205,1.81464081573967,0.113378825857623,3.55040561660703,0.120330490687193
1.73957943302539,1.74058107516807,1.86285751114808,0.122276435980009,3.60525064608704,0.12970726144275
1.64735068304913,1.64650626927786,1.77233831071834,0.125832041440482,3.38906197459017,0.133293149328462
1.44666534086603,1.44386595921948,1.56727030015248,0.123404340932998,2.95209731854456,0.130398505726285
1.14330273541966,1.13856256725091,1.25346803579042,0.114905468539506,2.30761368076426,0.12092225080871
0.764313599122546,0.757792560724536,0.856838305795593,0.0990457450710554,1.51006121782196,0.103595494496344
0.333790091703552,0.325786489617337,0.401620278877077,0.0758337892597418,0.609400195651337,0.078485761338119
-0.117002766155675,-0.126059463703,-0.0784276149264388,0.0476318487765607,-0.328196183332763,0.0480495221083134
-0.563016543745131,-0.572593466866656,-0.555176366653277,0.0174171002133782,-1.24910745848033,0.015389981593804
-0.991529335601882,-1.00103111262571,-1.01537569153628,-0.0143445789105699,-2.12730150346884,-0.0188777705310375
-1.35872046041738,-1.36749635082118,-1.41304245343085,-0.045546102609663,-2.87371882959105,-0.0524843555747993
-1.63786075006542,-1.64525856223128,-1.71969514967634,-0.0744365874450569,-3.43423596849534,-0.0835075350122462
-1.81906647573172,-1.82448851419328,-1.92346995389759,-0.0989814397043117,-3.78849845964858,-0.109746956544332
-1.92114206081988,-1.92411057998836,-2.04058590038602,-0.116475320397658,-3.97316475752038,-0.128352285927236
-1.91722109709058,-1.91737156985773,-2.04366003966157,-0.126288469803844,-3.93664458349705,-0.138583708965291
-1.81150219911958,-1.80863780772355,-1.93601235792144,-0.127374550197895,-3.68888068817865,-0.139319593618548
-1.60814993248181,-1.6022597286196,-1.7240310964457,-0.121771367826105,-3.24266149989112,-0.132569554775737
-1.33088135241157,-1.32216501480843,-1.43320784914182,-0.111042834333384,-2.64859741145235,-0.119920471513027
-0.993904344755161,-0.982758502909887,-1.08053199606892,-0.09777349315903,-1.938755070708,-0.104034981321007
-0.605885795412225,-0.592880834259607,-0.674990175815364,-0.0821093415557568,-1.13123762863658,-0.0851870609588097
-0.200885707308097,-0.186758713570826,-0.249858955325524,-0.0631002417546976,-0.293479537717169,-0.0625977756235876
0.191062640619534,0.205451865729175,0.163887924834214,-0.0415639408949616,0.513450160696316,-0.0372950178667287
0.537524533542167,0.551240965568377,0.532750257586968,-0.0184907079814093,1.22392599404202,-0.0105054137414035
0.829190235789837,0.841300560344895,0.845211348300244,0.00391078795534808,1.81762012137487,0.0153141942541725
1.05272291564728,1.062350808333,1.08611884402842,0.0237680356954267,2.26718019124536,0.0380512384384353
1.19088585010673,1.19726554767125,1.23738371600962,0.0401181683383757,2.53886148843352,0.0565254077287362
1.24127660495525,1.24381818272858,1.29617915020275,0.0523609674741723,2.62900647377963,0.0699558935011038
1.21080383268788,1.20914484880331,1.26963811905678,0.0604932702534745,2.55312610246396,0.0782118553997388
1.11337642726546,1.10741900600011,1.17495046080864,0.0675314548085279,2.34321529901363,0.084246937486666
0.920435203421442,0.91032294407054,0.983958284934894,0.0736353408643515,1.94345224317341,0.0882292695294216
0.663282562376093,0.649453258339879,0.726376827040868,0.07692356870099,1.41503983618981,0.0883520712533148
0.379855658553578,0.363030150705148,0.439693311117909,0.0766631604127595,0.833684483846732,0.084033310529366
0.0808543035276151,0.0619764886898554,0.13438286178997,0.0724063731001158,0.221188784430488,0.0750459841950702
-0.223174353332803,-0.242989655991058,-0.178016018229237,0.0649736377618212,-0.3999295304052,0.062483817411039
-0.506597148625522,-0.526115099060052,-0.473414174732603,0.0527009243274477,-0.97975685784267,0.0449936084148242
-0.76519217558116,-0.783150891965453,-0.746232900014718,0.0369179919507343,-1.50807099600086,0.0242374299404087
-0.982477918105603,-0.997656221516219,-0.978143702461447,0.0195125190547729,-1.95029815140796,0.00243247211348641
-1.13368345834748,-1.14497167616054,-1.14291181080001,0.00205986536052986,-2.2562751706255,-0.0185373188096927
-1.20242100527972,-1.20890204553569,-1.22280171620134,-0.0138996706656517,-2.39301690498185,-0.0368628015484371
-1.19599078774514,-1.1970257962066,-1.22555631928868,-0.0285305230820896,-2.37652593947912,-0.0525002293455489
-1.1279725881417,-1.12325658793009,-1.16406458247499,-0.0408079945449008,-2.23414275459492,-0.0642977121820108
-0.989991063313562,-0.979563885130133,-1.03165329258284,-0.0520894074527084,-1.95179839177558,-0.0735776649155205
-0.802749726988588,-0.787031290168842,-0.848163996047485,-0.0611327058786419,-1.57042367600044,-0.079157227890181
-0.581518031602382,-0.561290074800968,-0.630986848515338,-0.0696967737143715,-1.12287460667091,-0.0829538169830781
-0.336343047460562,-0.312707430980075,-0.390956709009077,-0.0782492780290032,-0.629778180162641,-0.0856849776965203
-0.083433081689033,-0.0577586376453116,-0.142559657786579,-0.0848010201412684,-0.12146720861916,-0.0856891436965992
0.165933873436857,0.192093102092597,0.104679680729818,-0.087413421362778,0.38122785470401,-0.0814161077354009
0.40338218239689,0.428381439769414,0.342667273303437,-0.0857141664659781,0.861619814111068,-0.072919017175685
0.599557006919335,0.621742666096632,0.543445317707705,-0.0782973483889278,1.26234920011114,-0.059228989531716
0.757880638420175,0.775723650649504,0.710668044058955,-0.0650556065905514,1.58988064454479,-0.0406631548414244
0.875814640906899,0.888006157253014,0.839407906893264,-0.0485982503597492,1.83653849805153,-0.0202089452184723
0.937415269605285,0.942944686163181,0.912191548322384,-0.0307531378407975,1.96941590414305,-2.18786027692569e-06
0.946383430243863,0.944629868870717,0.930809359735457,-0.0138205091352601,1.99469256523548,0.0174388434439737
0.897309819345823,0.888086370175668,0.890568844286348,0.00248247411067953,1.90319063165544,0.03228944666142
0.814651657300565,0.798258785823238,0.815080673238979,0.0168218874157407,1.74342336459249,0.043228356106307
0.693514199724892,0.670711055376271,0.700041940956826,0.0293308855805549,1.50693772836764,0.0505299574245625
0.519891092460853,0.491854575758721,0.533969996335389,0.0421154205766693,1.16855907656536,0.0565590251148912
0.327277386347763,0.295584516475108,0.35254276321812,0.0569582467430123,0.796359767011634,0.0634621134377854
0.112524191523417,0.0790332704908902,0.15001196726457,0.0709786967736794,0.380674686576014,0.0688163525083675
-0.0827963345094479,-0.116013372621001,-0.034367731297092,0.0816456413239082,0.00145933047190139,0.0706106300621754
-0.255097475290881,-0.285912555879967,-0.197519397892101,0.0883931579878652,-0.334768050742284,0.0688383333787784
-0.392666488897118,-0.419020730068738,-0.328447138065068,0.0905735920036687,-0.605517715449422,0.0634087940769783
-0.486289040766705,-0.506327395927725,-0.416676501884299,0.0896508940434257,-0.791441414636589,0.056306890429203
-0.523859092063024,-0.536051798271592,-0.451954141337807,0.0840976569337863,-0.870549710594444,0.0464554923803581
-0.523454933544,-0.52673238213885,-0.453834737467583,0.0728976446712675,-0.880008910739502,0.0331866458179021
-0.481373083467943,-0.475189638134037,-0.419048073672173,0.0561415644618633,-0.812356495768318,0.016806412378667
-0.392570712864269,-0.37695560800057,-0.343454525435496,0.0335010825650743,-0.657670349827178,-0.00294468157053929
-0.259818729349632,-0.235400573942423,-0.229198408223932,0.00620216571849074,-0.419840193941385,-0.0249275982180843
-0.110198620473311,-0.0782079055102247,-0.101385754039034,-0.0231778485288102,-0.149869121320912,-0.0468099393631472
0.0554484525151456,0.0932601642259528,0.0438641229863192,-0.0493960412396335,0.155456123835246,-0.0637456487743074
0.233512969590886,0.274963791818944,0.205115633874066,-0.0698481579448778,0.490588674494116,-0.0736539507698803
0.391126035400169,0.433700736055893,0.350389017115911,-0.083311718939983,0.790369550913328,-0.0759352089025036
0.554938254549956,0.595989450642266,0.505099161324385,-0.090890289317881,1.10601464921966,-0.0723830632981372
0.692702620836684,0.729561013715209,0.635736426055058,-0.0938245876601519,1.37220034930443,-0.0649439439652084
0.817164014299412,0.847346678738794,0.754591499134784,-0.0927551796040109,1.61418153337942,-0.0549461934438758
0.90189337805967,0.923231918615381,0.837630822098939,-0.085601096516442,1.78208134934038,-0.0409266643576127
0.956806814521078,0.96762757973989,0.891836076502766,-0.0757915032371255,1.8929857094184,-0.0268277302719827
0.980046720686096,0.979282914021823,0.91798657483665,-0.0612963391851751,1.94620557129646,-0.0109848453497823
0.961773102271869,0.94904546964967,0.905306000172064,-0.0437394694776065,1.92128736471221,0.00478570044299502
0.912068245189091,0.887750099921963,0.864660070248374,-0.0230900296735901,1.83896738396185,0.020512504490323
0.828828120355672,0.794036245001047,0.79334065503891,-0.000695589962136678,1.69415365585644,0.0350461182818378
0.725293984163796,0.681856882208033,0.702563019181622,0.020706136973588,1.51092537508182,0.0460395854399344
0.593918919497722,0.54426652815818,0.587146378306812,0.0428798501486307,1.27616693429146,0.0558251922505479
0.449177631657049,0.396227632722589,0.460425735358092,0.0641981026355009,1.0165538695846,0.0634864445987589
0.319913266378081,0.266916209696986,0.350621751008654,0.0837055413116679,0.787791202261548,0.0688872025282935
0.193465937365032,0.143773744285046,0.243336493187095,0.0995627489020493,0.562064072933918,0.0710688289639256
0.0865819457895094,0.0434656133814642,0.153043532618976,0.109577919237513,0.369771204691765,0.068720684678585
-0.0108751834599402,-0.0444593144816362,0.0660383032413413,0.110497617722977,0.187215488231475,0.0594202583924737
-0.0803553671416412,-0.101937499449994,0.00163641848035937,0.103573917930354,0.0523395710673915,0.0451414999131815
-0.121960206422395,-0.129746295929497,-0.043548929847501,0.0861973660819955,-0.037729306546098,0.0238436882225562
-0.129309471823687,-0.12231165521349,-0.0612206528855558,0.0610910023279353,-0.0675092675684095,-0.00137931518646949
-0.092792427790269,-0.0709156481154367,-0.040001413336782,0.0309142347786543,-0.0156025778259686,-0.0277238761032617
-0.0179485958929284,0.0179597572714799,0.0164027994550337,-0.00155695781644646,0.109083499669671,-0.0525130176465593
0.0903780803372913,0.138550547550847,0.105050986092048,-0.0334995614587985,0.298865655191935,-0.073270989121716
0.215563999949516,0.273383113034686,0.208837084896856,-0.0645460281378297,0.52038079806384,-0.090212433397571
0.354419174403597,0.41856627506951,0.329350286594825,-0.089215988474685,0.772019198817007,-0.0986471322587285
0.4857628974335,0.55238813758434,0.443267142400757,-0.109120995183584,1.00945888863787,-0.101139624714456
0.610503243934729,0.675470883122513,0.551713762431117,-0.123757120691397,1.23522518904017,-0.0982499194781519
0.737747056548387,0.796894975440816,0.663095819795505,-0.133799155645311,1.46756183153129,-0.0917592626607494
0.855200874291849,0.90458384853168,0.766224718248027,-0.138359130283654,1.68418774096336,-0.0818591433598631
0.952258300071118,0.988406238218012,0.852100615542497,-0.136305622675515,1.8664797313348,-0.0684057406629636
1.0101458003746,1.03029172471319,0.904157435902709,-0.12613428881048,1.97976154461651,-0.0507248051441154
1.04368143369997,1.0459903269202,0.938158948117424,-0.107831378802778,2.05439230448842,-0.029417836582502
1.0520963828611,1.03579888885122,0.954135684392368,-0.0816632044588554,2.0892641012365,-0.00509900077850322
1.02871341468463,0.994185069014894,0.946483735606818,-0.0477013334080759,2.07134794441133,0.0221072757970245
0.983262633712541,0.932053419683342,0.921897443892047,-0.0101559757912954,2.01604991199279,0.0482455678561717
0.938976501684757,0.873764783164788,0.906210109932239,0.0324453267674527,1.97096996336004,0.0753488705493641
0.869188333701494,0.793604656199947,0.871623094809479,0.078018438609531,1.88021001155969,0.10217519267793
0.771801649069374,0.690252824821705,0.810584486501617,0.120331661679912,1.73279241186511,0.123563365977961
0.647818764680862,0.565237946429425,0.719580832518978,0.154342886089552,1.52574323264184,0.135715329776515
0.525584954762946,0.447162010530262,0.626817540278924,0.179655529748661,1.31504283735312,0.139580803881732
0.412016416160246,0.342859328952871,0.538504199951021,0.195644870998151,1.11329956315851,0.135906758470889
0.308094749822886,0.25289839604057,0.452543222387293,0.199644826346723,0.919191050968689,0.123333619331283
0.247405321492976,0.210170027423029,0.400258812041069,0.190088784618039,0.797547514648456,0.101451160543192
0.218149178160068,0.201863730109672,0.368382195384391,0.166518465274719,0.724269414314651,0.0707342497609763
0.217463595829335,0.223889883402996,0.356957997602337,0.133068114199339,0.697301257361189,0.0359514266368179
0.242643897153052,0.272164159556351,0.365517957832782,0.0933537982764289,0.713739097437453,0.00100583707421191
0.263645039418327,0.315166351705257,0.364823122612955,0.0496567709076981,0.714821647339396,-0.0319122035662157
0.324799531813468,0.395840035774307,0.398600166469692,0.00276013069538532,0.788519515778985,-0.0624985472497942
0.40387567772777,0.490615393941871,0.443165443422191,-0.0474499505196808,0.890436849965785,-0.0917037669908799
0.488448190908399,0.585934079678139,0.489668589145034,-0.0962654905331047,1.00095613802982,-0.115986914802066
0.565315227844611,0.667735466951134,0.527071297328111,-0.140664169623024,1.09726966845784,-0.133758283295144
0.651654658920105,0.752704722929476,0.576898856113083,-0.175805866816393,1.21877612263869,-0.141793325685515
0.757998786317922,0.851258102745958,0.652954811220733,-0.198303291525224,1.39003376583189,-0.13840119177263
0.858690370863094,0.937992110491313,0.734468017543611,-0.2035240929477,1.56461540972565,-0.120624865897816
0.952633581363042,1.01248517511753,0.819319571476462,-0.193165603641067,1.73870791747846,-0.091715783695372
1.02536086814814,1.06130215283315,0.894174718681668,-0.167127434151484,1.88422168471935,-0.0528994065627414
1.08552182605104,1.09446272629988,0.967581951792072,-0.12688077450781,2.01761465893352,-0.00665487379405167
1.10706637692938,1.0874973477386,1.01021593391329,-0.0772814138253162,2.08350203875082,0.0415500146644259
1.11513147128921,1.06731814571758,1.045234279255,-0.0220838664625877,2.12990561386954,0.0877913957337197
1.10439046884599,1.03038958024737,1.06596231163639,0.0355727313890189,2.14496635372213,0.129238563223314
1.06973508845042,0.973324781013396,1.0651797824733,0.0918550014599027,2.11641678391494,0.162834657202532
1.01838349048731,0.904893329071373,1.04645158680522,0.141558257733852,2.05508477510735,0.184586718771863
0.966348656079792,0.842382783557824,1.02205292297083,0.179670139413008,1.98951457556323,0.191070168869092
0.901648015643961,0.774685167513442,0.980404347805002,0.205719180291561,1.89658119532416,0.183690404266439
0.837809914978598,0.715782530805148,0.935737115382559,0.219954584577412,1.80339130616059,0.164748679384244
0.759833809344988,0.650615796009724,0.871522614476856,0.220906818467133,1.67770279771237,0.134883005871227
0.698289202361884,0.609236705609772,0.817765022757026,0.208528317147253,1.57864798554945,0.0960730951890737
0.661203891497576,0.598652551910168,0.782679578223488,0.184027026313321,1.52110768875581,0.0513515155370317
0.62851188427829,0.597316241011846,0.748121385361282,0.150805144349435,1.4655103192597,0.00561450201187479
0.602199444707131,0.605395410206207,0.713231695908567,0.10783628570236,1.41151357512185,-0.0411115768666515
0.587636863563545,0.626191429454657,0.685249227266965,0.0590577978123083,1.37063411248384,-0.0843547225982972
0.602301887419221,0.674993284412934,0.682382809105742,0.00738952469280856,1.37739043554855,-0.121228710357871
0.631363883748331,0.734756200816273,0.690251875384567,-0.0445043254317056,1.40225316311614,-0.149686891582069
0.680684920017714,0.80928935038212,0.717205060556533,-0.0920842898255868,1.45917016430849,-0.166377839064475
0.735972746066498,0.88250757493746,0.747497875407497,-0.135009699529965,1.51872652439395,-0.172659889806888
0.817552324397126,0.973374354947597,0.80412181064709,-0.169252544300507,1.6250800224633,-0.166627654660402
0.902282372206315,1.05784898740182,0.868514929860982,-0.189334057540835,1.73777915655355,-0.145222961436869
1.00090313084415,1.1463760539786,0.95271313497204,-0.193662919006565,1.88033090556255,-0.109437697615965
1.10491590296005,1.23075656350536,1.0479483394746,-0.182808224030751,2.03690690134153,-0.0624224911059429
1.19948127137845,1.29705857236455,1.13963281089625,-0.157425761468307,2.1800495922438,-0.00725377006708982
1.28457275597643,1.3467529420263,1.22781007495866,-0.118942867067641,2.31175634579838,0.0525391956476715
1.350080626561,1.37172002245293,1.30416800532,-0.0675520171329287,2.41551219998793,0.115127147578269
1.39317952116704,1.37152348316896,1.36206048252743,-0.00946300064152678,2.48369933172146,0.173246093760803
1.42567379860701,1.3606247404884,1.41048467179931,0.0498599313109078,2.53924956925879,0.221048521976731
1.43425081310328,1.32844141106124,1.43556152331181,0.107120112250563,2.5572731280115,0.255574440984599
1.40940932333363,1.26813112999068,1.42728055501993,0.159149425029251,2.51986800135875,0.274710258968706
1.37855255206977,1.20954401844958,1.40945319668004,0.199909178230462,2.47898594930664,0.274149216731206
1.31790658787211,1.13090003596703,1.35373086121321,0.222830825246178,2.38400222582277,0.249651146962307
1.24678039369655,1.0529919337531,1.28356681579445,0.230574882041351,2.27772276513866,0.206665125708182
1.15769896045594,0.969144884236959,1.19667574400813,0.227530859771168,2.14860145987343,0.152676399655179
1.06242186217689,0.891202522170942,1.10497676294754,0.2137742407766,2.01670421232295,0.0909729779994325
0.973079274016967,0.830616801528593,1.02415599035477,0.193539188826181,1.90508692236811,0.0289229771400648
0.899798558310531,0.796089663600014,0.960957425156738,0.164867761556724,1.82536942527371,-0.0325771199846998
0.83343520488049,0.776353304264496,0.907298008508395,0.1309447042439,1.75545933033977,-0.0879588083148889
0.78575325900327,0.780497459980241,0.869935458693369,0.089437998713129,1.70930150405181,-0.137810950405869
0.755155092970351,0.803819201060428,0.847049143167909,0.0432299421074817,1.68014887198068,-0.178276751200247
0.747169283635599,0.848511076693225,0.843945784744471,-0.00456529194875508,1.67609154114073,-0.206126271670014
0.752672097271231,0.902066330511501,0.850872311551626,-0.051194018959875,1.67666398823726,-0.219384110079577
0.783509322506496,0.973145203702192,0.880604481597252,-0.0925407221049405,1.70563665943095,-0.215590245481898
0.852244312058218,1.07151327849844,0.942597019267047,-0.128916259231393,1.78560254932271,-0.197508702117822
0.932201731661476,1.16823914368096,1.01152120704322,-0.156717936637736,1.86713971326248,-0.16466051518767
1.01734855376126,1.2557898755978,1.07807752798408,-0.177712347613722,1.93867509875629,-0.122438869983044
1.13039224484512,1.35625737441786,1.16833682658183,-0.187920547836031,2.05351830974654,-0.0707764672134821
1.25800634004243,1.45659458014227,1.2663395524601,-0.19025502768217,2.18820925582672,-0.0165399269001141
1.38842987199243,1.54626072982196,1.36547774499002,-0.180782984831934,2.33062007508943,0.0404483393031172
1.49471095394163,1.60040428474674,1.44039826910613,-0.160006015640605,2.43440882441354,0.0963745493113123
1.60119400525096,1.64630685309788,1.51866896254079,-0.12763789055709,2.55626049483632,0.148878975908468
1.68045633991674,1.66006976702818,1.57434259319256,-0.085727173835619,2.64739099439666,0.194131962766573
1.72470549205042,1.63787184665614,1.60167694681058,-0.0361948998455616,2.69756231713847,0.229428116799595
1.73805577231525,1.588003131665,1.6020409663929,0.0140378347278954,2.71457676603314,0.2481464121324
1.72927017247024,1.52334310672687,1.58163452905489,0.058291422328021,2.71520264885574,0.245011922898983
1.69962663140355,1.44895358621892,1.54607838919165,0.0971248029727221,2.7066832628929,0.223041919294765
1.64533979287905,1.36425186926814,1.49127666276727,0.127024793499134,2.6794977550516,0.182113426705487
1.56513030182961,1.27036454602187,1.4194487330791,0.149084187057229,2.63098838213542,0.127457250787181
1.48257981564572,1.1923237200721,1.3528361462104,0.160512426138297,2.60127143612354,0.0609334044907772
1.37849826492119,1.11124950122697,1.27592330139076,0.164673800163795,2.54890010642946,-0.00920408297725285
1.26849844660754,1.04193597206436,1.20262130550296,0.160685333438596,2.49483685083514,-0.0790182228651884
1.1527733713647,0.982597486704345,1.13195145797313,0.149353971268784,2.42956478003605,-0.143252596801006
1.05052543998105,0.949414845789718,1.07991086428091,0.13049601849119,2.37949140617541,-0.198308467663654
0.947199733291833,0.92387720646133,1.02891567800681,0.105038471545478,2.30498943755677,-0.240402546580142
0.875845444903786,0.934435392689428,1.01139434264844,0.0769589499590157,2.26437970997414,-0.263844295977081
0.823854318185828,0.963426107148446,1.00857933646356,0.0451532293151194,2.22146062413528,-0.26930711716438
0.80542665951744,1.01990717117579,1.03244297845595,0.012535807280158,2.19960002116647,-0.254806726743811
0.813305652479782,1.09167110310237,1.07029212677873,-0.0213789763236438,2.17886145744344,-0.223102274521535
0.84719726711312,1.17401008146339,1.12134504215434,-0.0526650393090545,2.16066334961258,-0.173790033826331
0.900684657710638,1.25691601636478,1.17838847287854,-0.0785275434862333,2.13598845447125,-0.108664371035331
0.980156489092087,1.34428087341696,1.24600775516637,-0.0982731182505925,2.12246188361089,-0.0324343394954817
1.09020248352936,1.43947412078413,1.33054721966391,-0.108926901120217,2.1394651433587,0.0519763047234051
1.22363302789197,1.5354734925166,1.42471426589583,-0.110759226620768,2.18239950195924,0.138258156233291
1.37901070365822,1.63244834458978,1.52690661977913,-0.105541724810644,2.25924220167441,0.218835242556723
1.53560692720499,1.71264055848654,1.6208201026594,-0.0918204558271374,2.34444339674128,0.289967592705842
1.65885834728089,1.74568349056144,1.67016961691857,-0.075513873642868,2.37869385702815,0.34149803911138
1.75505872663006,1.74311890121798,1.69042639751571,-0.0526925037022742,2.39358696992979,0.374371541942084
1.82611885624527,1.71282004629972,1.68348109316995,-0.0293389531297657,2.40076699451723,0.381114576691483
1.84462588217013,1.63367510333365,1.62761874196277,-0.00605636137088307,2.35735228028767,0.361269423892692
1.83050112673302,1.5319265575042,1.54964775162269,0.0177211941184868,2.312348816439,0.31722533648426
1.77847206082571,1.40817909413933,1.44902308304187,0.0408439889025413,2.25896838670938,0.25128387799062
1.69709809069936,1.2760733795313,1.33785021223965,0.0617768327083478,2.21337971846428,0.166820872434485
1.58940285817441,1.142552731191,1.22041151426036,0.0778587830693596,2.1754907429396,0.0672872133373043
1.46174324023541,1.01645286377862,1.10433672225279,0.0878838584741687,2.14924846308843,-0.0415577208648061
1.30963878348072,0.894113133452312,0.989793177629577,0.0956800441772656,2.11762234438494,-0.148478744807175
1.14238931745391,0.783908449105867,0.885972281872912,0.102063832767046,2.08386529139196,-0.245265895799486
0.985423927154274,0.70860037437237,0.811457686886278,0.102857312513909,2.07617245351581,-0.329182239917028
0.849757308399754,0.674876195572087,0.776011639386666,0.101135443814581,2.10010509920202,-0.391167467582817
0.723336618276821,0.664905528412798,0.759074864090599,0.0941693356778023,2.10931993838878,-0.429308474641865
0.622778579675167,0.688440556116347,0.773562950644907,0.0851223945285608,2.12146627134338,-0.437485969938225
0.547133475294248,0.736936444195067,0.807309308849866,0.0703728646548001,2.11491618589687,-0.418290512297936
0.514259012329305,0.820413792511661,0.871742824874496,0.0513290323628356,2.11434935744581,-0.371340385190973
0.534459425405026,0.941561991561119,0.970628106159781,0.0290661145986628,2.13331051258639,-0.298645489701771
0.595466112833671,1.08119544149964,1.08495904700444,0.00376360550479492,2.14467926033279,-0.205046513688433
0.703494931997413,1.23980881041421,1.21442057152973,-0.0253882388844709,2.16285530567961,-0.0980600000721207
0.85278493800279,1.40749087168455,1.35354064468386,-0.0539502270006885,2.1889850539439,0.018730765137098
1.03014750813074,1.56879307631258,1.49389953590459,-0.0748935404079899,2.21600143604337,0.143477015369287
1.22792385847216,1.7159053761249,1.62480090303516,-0.0911044730897382,2.24212660496978,0.264091364298011
1.45664080531147,1.86140420421126,1.75797552890206,-0.103428675309199,2.30811892027158,0.37077667001643
1.67398095507117,1.9671031504732,1.85877620597842,-0.108326944494777,2.35634149264768,0.458946972276157
1.87386646155532,2.03302512471477,1.92647855086355,-0.106546573851225,2.39765586775735,0.521088519579672
2.0357012356068,2.04627964591775,1.94977806380383,-0.0965015821139239,2.41586196096959,0.553860462642469
2.16313516837222,2.01942839098476,1.94008045067637,-0.0793479403083861,2.43809782097347,0.553391252068178
2.2502127814299,1.9560803903807,1.89925370158989,-0.0568266887908103,2.4686285835753,0.517686545950797
2.28034513871191,1.84927959055733,1.81944837285003,-0.0298312177072959,2.48685874906078,0.448158587134616
2.2580992872351,1.71271563978776,1.71233351604835,-0.000382123739407969,2.50748432297955,0.347590249493147
2.1725646352474,1.54346303848469,1.56961461866073,0.0261515801760441,2.5052859603011,0.217697875633344
2.04577026661146,1.36989839489993,1.41949758007643,0.049599185176498,2.51937897398237,0.0673045285631493
1.87003925929389,1.18854179114496,1.26065564159388,0.0721138504489147,2.52489204810509,-0.0910334890080878
1.662800842449,1.01857995132134,1.10913893086841,0.0905589795470676,2.53520077107243,-0.249256288799688
1.44766650224216,0.882732274454758,0.991582784972321,0.108850510517562,2.57745429678145,-0.392134463342679
1.22010403029747,0.772861054189737,0.898970153755835,0.126109099566099,2.61347911355396,-0.509828574222572
1.00434569273582,0.707067345643946,0.844884830922323,0.137817485278376,2.65684145539893,-0.597434882933761
0.805488067474554,0.682050824511018,0.823320509985417,0.1412696854744,2.6852242448658,-0.650170779565952
0.634913264991179,0.699008636503,0.834745301102226,0.135736664599225,2.69260079254316,-0.66375183253325
0.502635489538827,0.756559371595443,0.880000352623828,0.123440981028387,2.67630308944638,-0.633816555384411
0.426846242557523,0.860977178800102,0.96488362054971,0.103906441749608,2.65208954475607,-0.561808973633586
0.429340810807611,1.02235079748659,1.09966854435297,0.0773177468663829,2.65024949130866,-0.451660631305192
0.508351589528776,1.22814020967822,1.27660485796301,0.0484646482847945,2.66605337099769,-0.305692165721791
0.644839804389243,1.4501867305317,1.46906877956799,0.0188820490362905,2.6649066921476,-0.132129659967604
0.843522977423037,1.68641008775368,1.68424678255344,-0.00216330520024374,2.67456826525275,0.0664076489231827
1.08537169085245,1.91377103386489,1.89594386851293,-0.0178271653519573,2.67073070696798,0.273437594292038
1.37354805348137,2.13459865845964,2.10376449560332,-0.0308341628563157,2.68196805125763,0.472259305092561
1.69599933801736,2.33931035781345,2.30036839376458,-0.0389419640488632,2.71782901347009,0.651355579565353
2.01664597966727,2.49754656500159,2.45434575568795,-0.043200809313634,2.74096641489119,0.797007338634408
2.29955229664572,2.58211046968096,2.53392482275079,-0.048185646930161,2.71369301160158,0.893894960819832
2.561421114583,2.62105897801044,2.56673543439456,-0.0543235436158805,2.7075788516311,0.933517515771067
2.80337165018407,2.62878951383774,2.56831513264192,-0.0604743811958166,2.76203239779778,0.912223288145863
2.97923921827967,2.57353531843765,2.5140821889832,-0.0594531294544498,2.8224336906529,0.836096451173101
3.07507339895806,2.45606136651668,2.40101935753396,-0.0550420089827189,2.87958569652396,0.704130347383001
3.08395951189741,2.28354321107155,2.23642174574165,-0.0471214653299025,2.93380957254522,0.523058423871928
3.0101381144131,2.0727776825972,2.03705586529438,-0.0357218173028176,2.9973185532087,0.30301527943709
2.86581857515333,1.84614756335667,1.82132056449942,-0.0248269988572554,3.08395681496463,0.0532119700437964
2.6517478090904,1.61144881145243,1.59827223870937,-0.013176572743054,3.17967276837514,-0.209597596856738
2.36544428290839,1.36958044547596,1.36694975183774,-0.00263069363821329,3.25089268998802,-0.470387034980443
2.02952804876192,1.14256262865896,1.15345375558074,0.0108911269217821,3.31092939954834,-0.707817619408789
1.66906889294306,0.950768602986027,0.978260888487242,0.0274922855012137,3.36666547664109,-0.905230297937648
1.29872759893114,0.800213467859011,0.840604998472075,0.0403915306130635,3.39395286059415,-1.05462439942285
0.963237923177961,0.723486611396668,0.772005081139041,0.0485184697423732,3.43370196962561,-1.14505836269898
0.675332639591795,0.718272668812257,0.771111587414583,0.0528389186023268,3.46675486722469,-1.1671727659446
0.468874607530933,0.801384440905685,0.85931668787857,0.0579322469728841,3.52333319709998,-1.11227191599117
0.343391355325763,0.95425906831584,1.01637968870022,0.0621206203843766,3.56602056425552,-0.982596093499133
0.329135894846852,1.18918677101453,1.25564546976062,0.066458698746083,3.63104721159501,-0.782459949484607
0.398928205027669,1.46221401941036,1.53465250380004,0.0724384843896843,3.65223787592071,-0.520365597488039
0.590701854294323,1.79690152156855,1.87748855187458,0.0805870303060386,3.70450954303961,-0.209937912163817
0.864819809585671,2.14250244978466,2.2262400516754,0.083737601890738,3.71509183453991,0.124112695937639
1.2161644100948,2.48696540379643,2.56700329896816,0.0800378951717322,3.69938625411419,0.459979535642574
1.63734246563884,2.82068636287112,2.89153404689614,0.0708476840250154,3.68337780609325,0.777845749094621
2.09042451245095,3.10852136294543,3.16737806770636,0.0588567047609291,3.64298481081233,1.05929947020249
2.56720614512981,3.35009394972443,3.395439247847,0.0453452981225673,3.618429790911,1.28592701660237
3.03685762097003,3.52707255425439,3.55481181225074,0.0277392579963576,3.6051985516118,1.43816670988378
3.47482625028355,3.63146515842832,3.64176120777249,0.0102960493441765,3.61827648440847,1.50715680262986
3.8351747310531,3.63702168298618,3.63105654465825,-0.00596513832792241,3.62284409836553,1.48562660195087
4.10208946438707,3.54964815056495,3.52674517988041,-0.0229029706845323,3.63420725186597,1.36894087578533
4.25427881991263,3.37046741967556,3.3325930243904,-0.0378743952851649,3.65091868145675,1.16284695863053
4.28308815325058,3.11255557963961,3.06449492497177,-0.0480606546678367,3.68304064032413,0.879149825911388
4.18196225560507,2.78899698196581,2.73759157194933,-0.0514054100164819,3.72828826896045,0.534406260843414
3.93932034083987,2.4044395805133,2.35294727402234,-0.0514923064909574,3.75265479154851,0.144315831334176
3.59379486338009,2.00924182158822,1.96349133747847,-0.0457504841097501,3.81183637443607,-0.265542891902446
3.14247546862422,1.60674070684868,1.57029678146271,-0.0364439253859637,3.85847542994306,-0.672023150514356
2.60872201733695,1.22054546051618,1.20059440376461,-0.019951056751574,3.88948756224637,-1.04522419339219
2.02590938725269,0.87805019889564,0.87667502766911,-0.00137517122652833,3.90223321526413,-1.36472955314348
1.45061595546902,0.623803040023733,0.639817105031697,0.016014065007963,3.93585242272981,-1.61068610262227
0.904865019259523,0.462253019280259,0.494937752973596,0.0326847336933357,3.96180413920593,-1.76344032108553
0.450383474108531,0.433000574407278,0.481760584126129,0.0487600097188502,4.03143247724925,-1.80897339222192
0.0892577375482267,0.512610946701857,0.571996643286083,0.0593856965842264,4.0791161317637,-1.74458516067022
-0.14850841554472,0.703750673065591,0.766288322847407,0.0625376497818171,4.10881462685532,-1.57178977068692
-0.236268366577557,1.00555393612832,1.06778145621864,0.0622275200903235,4.13779384396404,-1.29337397210446
-0.17632108769828,1.38974590592339,1.44298613365815,0.0532402277347587,4.13391978482593,-0.928477489220358
0.0444274592719781,1.84671642512987,1.88770583904453,0.040989413914662,4.12567805563567,-0.49210204832041
0.406932536417509,2.33949240654312,2.36753060273359,0.0280381961904685,4.09404550552802,-0.00751549656966691
0.919147974379708,2.86422354988724,2.87897807878907,0.0147545289018294,4.09106199052292,0.495849894539051
1.54405922996931,3.37910408073294,3.38388560769141,0.00478152695847321,4.10055129321816,0.989623656228579
2.23217864009644,3.83743608239326,3.83573461454792,-0.00170146784534014,4.09317139483199,1.44169963268702
2.95625542136526,4.22244966956285,4.21829255539325,-0.0041571141695976,4.0957828691703,1.82208976725736
3.66687385551894,4.50245739317225,4.49777852728693,-0.0046788658853243,4.09572568732153,2.10193002057176
4.33473076759258,4.67229203007484,4.66917971425232,-0.00311231582251757,4.12445903920501,2.26017570661989
4.91297449793313,4.71430051698318,4.7103376392129,-0.00396287777028032,4.17042864839307,2.2782265542264
5.35447405979507,4.61395139940984,4.60781378399248,-0.00613761541736167,4.21801526547648,2.15131257965561
5.62632882481085,4.37240944544933,4.36391946695785,-0.00848997849147202,4.26489114998323,1.88359823330736
5.7099476751634,4.004508966933,3.99689594883155,-0.00761301810144988,4.31968636359621,1.49050097117632
5.58098449667927,3.51653475330317,3.51208521199517,-0.00444954130799792,4.35239491330894,0.991626926496324
5.25449926038213,2.94939150895437,2.95074745624517,0.00135594729079947,4.38819896957853,0.415406649746898
4.73861175635708,2.33041966951702,2.34114929214889,0.0107296226318686,4.41381091897658,-0.203147512477816
4.07292157818491,1.71041056077467,1.73398297606184,0.0235724152871655,4.45331679801943,-0.825991973351094
3.28470267755065,1.11878310162454,1.15443896106666,0.0356558594421198,4.48123406322092,-1.41742687774901
2.43962725052473,0.613912769493352,0.660437493522977,0.0465247240296242,4.53535408240896,-1.93866106071912
1.57211548237208,0.213562513060789,0.272252851658871,0.0586903385980819,4.58184698744954,-2.35111832593942
0.74843229434439,-0.0412253979838701,0.0288203315091515,0.0700457294930215,4.63948692760001,-2.62641697344508
0.0108403916847407,-0.140718929528575,-0.0652347897017908,0.0754841398267847,4.67807583566192,-2.74686276017431
-0.600704385884802,-0.0829695817316507,-0.00325357262196896,0.0797160091096824,4.6805421655359,-2.69433885599898
-1.0216741255665,0.155311308799583,0.231492174027786,0.076180865228203,4.68207027550268,-2.4725585179806
-1.22400741525022,0.560159796375116,0.628981524596552,0.0688217282214371,4.67680404698376,-2.08582295206221
-1.19668453915733,1.1024337886886,1.15851460372387,0.0560808150352784,4.64464511437931,-1.55488587159383
-0.916336856496558,1.76983412692617,1.80913361167586,0.0392994847496959,4.62196300804266,-0.907711056668626
-0.392910104697616,2.52360860754125,2.54914348241066,0.0255348748694106,4.61429812790905,-0.175140688357687
0.342424234765542,3.31270496797402,3.32919167244502,0.0164867044709965,4.60910994852438,0.600132376778795
1.26651388374172,4.10460074910117,4.11227701240467,0.00767626330349798,4.63256824043979,1.36532973474175
2.30571224205798,4.82768408003654,4.8263043917408,-0.00137968829573839,4.63984465402725,2.07068583256624
3.39981999844055,5.43550784158058,5.42843800024898,-0.00706984133160472,4.63563230365702,2.67262247959625
4.49181911150082,5.89603931992167,5.8856826150449,-0.0103567048767696,4.63806586788987,3.12813996354414
5.51563749207677,6.17821143652206,6.16698579812008,-0.0112256384019858,4.65244645719383,3.40320203783154
6.39535102168677,6.24924650839221,6.24095589528909,-0.00829061310311936,4.66120323825617,3.47555178495114
7.07379682370648,6.10083941808736,6.09818933311702,-0.00265008497034492,4.66849369155157,3.33270123770354
7.49446527510181,5.72813446121674,5.73150468778982,0.00337022657307362,4.65795210925979,2.97432618243615
7.65088263322195,5.17597841358197,5.18746598731381,0.0114875737318368,4.68882090647967,2.4178629699287
7.51886601164797,4.46785643062617,4.4868844992253,0.0190280685991383,4.74742806431724,1.68955175473282
7.06429964269855,3.6105355619852,3.63634990689948,0.0258143449142843,4.76634574762773,0.829935244067551
6.34099235145465,2.68919503088772,2.72238705790268,0.0331920270149614,4.81611810883019,-0.10929255402318
5.35808339914257,1.73240804897616,1.76765585351304,0.035247804536885,4.83471094536539,-1.07691313550668
4.17835401857181,0.808909504917485,0.845637515437764,0.0367280105202771,4.84399092032664,-2.00765879813856
2.87906668600855,-0.0124302224570897,0.0253344035142,0.0377646259712896,4.86142995468436,-2.84119048440476
1.53037837073078,-0.684163729387993,-0.64789683189562,0.0362668974923716,4.86818629520847,-3.52352379264813
0.232291902863443,-1.14232738567681,-1.10900801732326,0.0333193683535517,4.8970734987399,-4.00531892220136
-0.934085437120473,-1.35339504259007,-1.32431963023039,0.0290754123596828,4.94146537612434,-4.2492986791817
-1.9154964687296,-1.32061919752964,-1.291614070104,0.0290051274256369,4.95382617280064,-4.22672971847401
-2.63333937388036,-1.02751366471203,-0.994841133638492,0.0326725310735348,4.95059608678743,-3.93058934882773
-3.02798321117811,-0.478467053153702,-0.442679670421474,0.0357873827322287,4.93688210722074,-3.37451372691172
-3.05218739328317,0.311830284933465,0.350791021816393,0.0389607368829275,4.93608136570115,-2.58402155170018
-2.70103660277697,1.29241333494403,1.33301468852122,0.0406013535771887,4.92864741862655,-1.60253382952993
-1.97341799837754,2.4183393323402,2.46075717093682,0.042417838596624,4.93728647886918,-0.483762694863484
-0.908478689497039,3.61744279249696,3.65622671677955,0.0387839242825825,4.94472497599697,0.700700700803215
0.427014376431552,4.80551523834675,4.83868635365906,0.0331711153123099,4.93258389235965,1.8816285474377
1.9704582040033,5.919746197057,5.94806942691513,0.0283232298581254,4.92812111419098,2.98669897432237
3.6229402947927,6.87880752540926,6.90183594168479,0.0230284162755289,4.91306407903479,3.94193829838054
5.28605798678296,7.61919283889271,7.63716458741754,0.0179717485248325,4.89265067436529,4.68224854361205
6.87329836442692,8.10498371810293,8.11827728591886,0.01329356781593,4.90365250425679,5.15336481781468
8.25158644486614,8.26667360991467,8.27749741698063,0.010823807065961,4.88738204028064,5.31791745310853
9.32714984608754,8.08352528744848,8.09431263897593,0.010787351527447,4.84398811399577,5.15512325599456
10.0464009745589,7.58015365993155,7.59087074581801,0.0107170858864566,4.82126675625145,4.66165204538812
10.3303988436852,6.75615661911282,6.77007453534202,0.0139179162291925,4.781548076266,3.86083358588523
10.1602557866106,5.66664272415437,5.6850530583385,0.0184103341841379,4.75154644114667,2.79103744812283
9.53252163324076,4.37274403659704,4.39815268872873,0.0254086521316942,4.73656870384854,1.51229927649487
8.46453253083197,2.94257050305726,2.97220531370419,0.0296348106469293,4.719242666324,0.0935433166268762
7.0055890596166,1.45872600035293,1.49452367359439,0.0357976732414573,4.69882832705234,-1.37510422231869
5.23804554702912,0.0167104508937743,0.0584040223722266,0.0416935714784517,4.68059190994263,-2.804226570065
3.27455138037206,-1.27934232282504,-1.23319556644267,0.0461467563823663,4.68717200045221,-4.10274697085545
1.21321568928395,-2.3617186405463,-2.31615656093207,0.0455620796142324,4.6773396570255,-5.18717403187975
-0.806394489389174,-3.14187412071447,-3.10393643018458,0.0379376905298947,4.67509594336734,-5.98325905133007
-2.66718785466077,-3.57186977758431,-3.54562204125334,0.0262477363309704,4.66044978535432,-6.42777452665968
-4.23392717463823,-3.59992152430427,-3.59262291267641,0.00729861162786249,4.65523450904281,-6.48398609755037
-5.41003774888416,-3.22242489707832,-3.24134825496693,-0.0189233578886097,4.63589396374511,-6.13547800562013
-6.08917878115331,-2.42987407285405,-2.48299131038931,-0.0531172375352595,4.64022011419969,-5.39181061730802
-6.22263044717733,-1.26825121935742,-1.35995620222783,-0.091704982870412,4.65041550210484,-4.28378829544005
-5.77024961025263,0.216205432939165,0.0757388596533204,-0.140466573285844,4.68698762704793,-2.87571129985785
-4.75360220103752,1.92967154489146,1.73101553801744,-0.198656006874025,4.72517332161221,-1.24650203611331
-3.21103874542323,3.78088476197221,3.51526764444709,-0.265617117525115,4.77817910579673,0.50813010044482
-1.21766581421803,5.66533204369727,5.32643734575292,-0.338894697944349,4.85611891666612,2.28328493104472
1.10874429009435,7.46221761829653,7.03791268134873,-0.424304936947801,4.93752640125993,3.96144555937665
3.62794204513744,9.0560517319826,8.52743516106557,-0.528616570917031,5.00645202716186,5.42701012346682
6.19353292700909,10.3527431419637,9.69530202648688,-0.657441115476817,5.07171518918318,6.57577065451367
8.63992347331982,11.2645855552432,10.4425617107856,-0.822023844457557,5.11602508805737,7.3152004025171
10.8027156530043,11.7268860778238,10.7006678453241,-1.02621823249969,5.12565435634159,7.58379073568542
12.5670354594151,11.7393570428764,10.4320775121558,-1.30727953072063,5.11780070900986,7.3152004025171
13.8064505550947,11.2935747080056,9.69315290576361,-1.60042180224195,5.1168216210561,6.57577065451367
14.4437792952478,10.4220719740517,8.54741918724961,-1.87465278680213,5.11828196087869,5.42701012346682
14.4452056219288,9.18445896093984,7.09738889673616,-2.08707006420368,5.13085292684264,3.96144555937665
13.8201685199067,7.66237950792616,5.49478196083121,-2.16759754709495,5.19675233059053,2.28328493104472
12.6190178858088,5.95338212408021,3.93794388999514,-2.01543823408507,5.39819109620894,0.50813010044482
10.9272536421092,4.16403788225389,2.55948017644736,-1.60455770580653,5.75201703905749,-1.24650203611331
8.8589192251299,2.40300055610495,1.4052909805903,-0.99770957551465,6.1955715663445,-2.87571129985785
6.54796284057637,0.774137201564832,0.507887756903816,-0.266249444661015,6.66646565355547,-4.28378829544005
4.13943517728613,-0.6296495768965,-0.0986555024853619,0.530994074411138,7.12155079534456,-5.39181061730802
1.78004005112534,-1.73179100207918,-0.419611036452209,1.31217996562697,7.49825434839639,-6.13547800562013
-0.390291870322642,-2.47621991159971,-0.443828439128825,2.03239147247088,7.77317575311732,-6.48398609755037
-2.24674243012339,-2.83034180947683,-0.20489526299001,2.62544654648682,7.90580780390702,-6.42777452665968
-3.68780589273226,-2.78639033136955,0.281037825235809,3.06742815660535,7.89962985576648,-5.98325905133007
-4.64047153648266,-2.36100844851708,0.965939263628242,3.32694771214533,7.74886290403655,-5.18717403187975
-5.06395025670117,-1.59346546148142,1.81305337442708,3.4065188359085,7.47873617253057,-4.10274697085545
-4.95100253356768,-0.542462849210782,2.75246407674584,3.29492692595662,7.09653277418241,-2.804226570065
-4.32727129622445,0.718088501448604,3.70514643266557,2.98705793121696,6.60908239434074,-1.37510422231869
-3.248257105665,2.10407007689317,4.62884673711406,2.5247766602209,6.06302479433695,0.0935433166268763
-1.79475876439334,3.52649200415457,5.45540688847136,1.92891488431678,5.4789887028268,1.51229927649487
-0.0680245064606666,4.89696783540331,6.13963512806838,1.24266729266508,4.89628403520534,2.79103744812283
1.81705484069164,6.13319345828262,6.64468985290007,0.511496394617449,4.35053746739795,3.86083358588523
3.73990029757761,7.16379844999436,6.95329279074848,-0.210505659245872,3.87971643635045,4.66165204538812
5.58198786636501,7.93225589722252,7.05146474447593,-0.880791152746584,3.50739645819967,5.15512325599456
7.23338478283891,8.39975997522302,6.91575245185874,-1.48400752336428,3.22883222730229,5.31791745310853
8.59925593884503,8.54707540835918,6.57593160240089,-1.97114380595829,3.07204310130682,5.15336481781468
9.6051413415512,8.37507466377389,6.06597540354541,-2.30909926022849,3.04909130754028,4.68224854361205
10.2008303205898,7.90406374829249,5.41977024662934,-2.48429350166315,3.15445098397671,3.94193829838054
10.3625378705823,7.17195146424972,4.66670428953486,-2.50524717471486,3.36336813915122,2.98669897432237
10.0935421967638,6.2314383493308,3.86595987209468,-2.36547847723612,3.66838084855556,1.8816285474377
9.42385276244091,5.14633668300435,3.06433499914265,-2.0820016838617,4.04208266042736,0.700700700803215
8.40717023263223,3.98717002154848,2.30997989723624,-1.67719012431224,4.45830494661919,-0.483762694863484
7.11620909597283,2.82666852354454,1.64082041714351,-1.18584810640103,4.88535237526214,-1.60253382952993
5.63756212438236,1.73540144994778,1.10342190618558,-0.63197954376219,5.30468923566703,-2.58402155170018
4.0672466071629,0.777612370472409,0.738861303732201,-0.0387510667402077,5.70045353979416,-3.37451372691172
2.50427065543899,0.00727264398530733,0.546845858667001,0.539573214681695,6.03039931751015,-3.93058934882773
1.04408191850112,-0.534962779821554,0.52633500582876,1.06129778565031,6.26879693262897,-4.22672971847401
-0.227454682907644,-0.82383718954434,0.681301427810247,1.50513861735459,6.41171903826182,-4.2492986791817
-1.23877836904898,-0.850518444227715,1.0237918018961,1.87431024612382,6.47924298618613,-4.00531892220136
-1.936528095063,-0.622661007164879,1.49842964768683,2.12109065485171,6.44156939763211,-3.52352379264813
-2.28888869593836,-0.163398023793474,2.07237938953681,2.23577741333028,6.3070198113545,-2.84119048440476
-2.28680540533602,0.490754087616376,2.70067985317009,2.20992576555371,6.08183537536122,-2.00765879813856
-1.94340880057788,1.29269609739198,3.3532513517608,2.06055525436881,5.79232941135747,-1.07691313550668
-1.29187632065298,2.18800817688837,3.98408157036341,1.79607339347505,5.45117168053712,-0.10929255402318
-0.382859221811897,3.11843058761837,4.53661546856279,1.41818488094442,5.06163009383986,0.829935244067551
0.71890476272972,4.02553480869376,4.99369004407344,0.968155235379682,4.66280300717478,1.68955175473282
1.93921226525276,4.85431610237602,5.33355713686644,0.479241034490421,4.28121048231783,2.4178629699287
3.19929560768281,5.55639130698217,5.54794762074646,-0.00844368623571086,3.9478211938521,2.97432618243615
4.42049411315462,6.09270627543683,5.61968119329615,-0.473025082140678,3.67414458861891,3.33270123770354
5.52841007899964,6.43569418061905,5.54436128899984,-0.891332891619209,3.46998957252146,3.47555178495114
6.45865086030886,6.57073071285908,5.33922083918933,-1.23150987366975,3.35034180261652,3.40320203783154
7.16069134728163,6.49636655170497,5.01879381648117,-1.4775727352238,3.31539052443675,3.12813996354413
7.59938756312463,6.22382797527238,4.59807332557789,-1.62575464969449,3.35664006867902,2.67262247959625
7.7563601803044,5.77601377680882,4.09685941888296,-1.67915435792586,3.46042411113588,2.07068583256625
7.6310245111492,5.18579213104115,3.58647782897497,-1.59931430206618,3.65602460316763,1.36532973474175
7.23994048764859,4.49365474918173,3.07898473062992,-1.4146700185518,3.90821456908831,0.600132376778794
6.6156231536055,3.74500967631275,2.58607642069245,-1.1589332556203,4.17882419686871,-0.175140688357688
5.80428868520905,2.9871233042031,2.14982917537516,-0.837294128827947,4.46111957412829,-0.907711056668626
4.86207807942436,2.2660285132436,1.80249107368513,-0.463537439558468,4.74453600349438,-1.55488587159383
3.85057212787545,1.62377080460482,1.5494619407239,-0.0743088638809271,5.00056877914046,-2.08582295206221
2.83291826986334,1.09614013703834,1.41478892161321,0.318648784574866,5.22755469989629,-2.4725585179806
1.87061418973988,0.710791943725027,1.40311442821463,0.692322484489606,5.41321520989766,-2.69433885599898
1.01951876465536,0.485809503896826,1.4943888414547,1.00857933755787,5.53143560680391,-2.74686276017431
0.326788204069214,0.429007703806886,1.67639905084651,1.24739134703962,5.57334210380088,-2.62641697344508
-0.171344431166198,0.537797527835788,1.9388148736424,1.40101734580661,5.54112686933232,-2.35111832593942
-0.451457457610003,0.799620898511947,2.27798291921254,1.47836202070059,5.45290524571642,-1.93866106071913
-0.503959052345404,1.1929924142151,2.65752585955699,1.4645334453419,5.30103061094836,-1.41742687774901
-0.333338703399578,1.6890410426992,3.05989190444489,1.3708508617457,5.10321838018488,-0.825991973351094
0.0421765202237915,2.25349709999955,3.46176262869313,1.20826552869358,4.8748369244691,-0.203147512477816
0.592707068245745,2.84899491007708,3.83755549069814,0.988560580621063,4.62867336384932,0.415406649746898
1.27873650558169,3.43734468345649,4.16537455022499,0.7280298667685,4.38023021379146,0.991626926496324
2.05330581458596,3.98189569660915,4.42128229234978,0.439386595740631,4.13974041998613,1.49050097117632
2.86539949017052,4.44981845596616,4.58488905246692,0.135070596500763,3.91471533845483,1.88359823330736
3.6632016089568,4.81399689103699,4.66551538205487,-0.148481508982121,3.73431663458083,2.15131257965561
4.39756201790133,5.05452846845337,4.64377246496471,-0.41075600348866,3.59141473711277,2.2782265542264
5.02427417743166,5.15970657958273,4.51743596414683,-0.642270615435898,3.48863303593815,2.26017570661989
5.50662118345161,5.12666527918497,4.30661339402778,-0.820051885157191,3.43999950112337,2.10193002057176
5.81864848950703,4.9613544344823,4.02559636060456,-0.93575807387774,3.44299250255699,1.82208976725736
5.94613268616284,4.67769461081442,3.70029734470077,-0.977397266113647,3.49900523938747,1.44169963268702
5.88740865737123,4.29636588162882,3.33464844873459,-0.96171743289423,3.58302451792269,0.989623656228579
5.65222638945271,3.84310997053004,2.96321502064547,-0.879894949884567,3.69924084799706,0.495849894539051
5.26048929192048,3.34701988826598,2.63195064184852,-0.715069246417457,3.86257907374673,-0.00751549656966651
4.74073148327692,2.83867845616987,2.33569441153794,-0.502984044631929,4.03785399823861,-0.49210204832041
4.12803023933402,2.34828327637722,2.10720400566212,-0.241079270715091,4.2312022037272,-0.928477489220358
3.46126799589323,1.90391035426538,1.92848149889349,0.024571144628105,4.40154261636969,-1.29337397210446
2.78128997341944,1.53003846988501,1.81144507022265,0.281406600337634,4.54195788911316,-1.57178977068692
2.12868269299658,1.24615517624609,1.76414788111051,0.517992704864421,4.64770717578476,-1.74458516067022
1.54099519471651,1.06570934937048,1.78088710973027,0.715177760359792,4.7079977111728,-1.80897339222192
1.05020359869642,0.995572211324223,1.85184642227132,0.856274210947098,4.71459650295842,-1.76344032108553
0.681668909796781,1.03595059991925,1.9932123903019,0.957261790382642,4.68957388820702,-1.61068610262227
0.452976157791336,1.18051343331163,2.18800204254605,1.00748860923441,4.62770167355147,-1.36472955314348
0.372701114614946,1.41693817345226,2.41216276011145,0.995224586659184,4.52154794876204,-1.04522419339219
0.441048714437588,1.72783046670981,2.64912476913018,0.921294302420366,4.37530938153221,-0.672023150514356
0.649118466999532,2.09172294568088,2.90591003241213,0.814187086731249,4.22004099144585,-0.265542891902445
0.979942881746151,2.48456912221589,3.15358316921223,0.669014046996346,4.05244370196915,0.144315831334176
1.409310182366,2.88122590664944,3.37251378583815,0.491287879188713,3.87835814465496,0.534406260843414
1.90788625458534,3.25709368056423,3.56970270953166,0.312609028967429,3.72777255345908,0.879149825911388
2.44300191270197,3.58953049598726,3.70224184364669,0.112711347659428,3.57787166650374,1.16284695863053
2.98043321828101,3.85920865786987,3.78513761540375,-0.0740710424661228,3.45874602063965,1.36894087578533
3.4869000701209,4.05126097791245,3.7929660190109,-0.258294958901555,3.35454919767319,1.48562660195087
3.93196669722182,4.1560339304946,3.745476425812,-0.410557504682603,3.28911503548664,1.50715680262986
4.28994327362555,4.16954843681545,3.63638001274772,-0.533168424067738,3.25424582214152,1.43816670988378
4.54110637521754,4.09356450011685,3.47383270605462,-0.619731794062231,3.24966103877511,1.28592701660237
4.67318723318959,3.93532898542058,3.2756562801121,-0.659672705308476,3.2792212225123,1.05929947020249
4.68204548565581,3.70684657859286,3.05057529297525,-0.656271285617611,3.33515900363377,0.777845749094622
4.5707122074258,3.42392838760987,2.81856210852419,-0.605366279085689,3.41899361049158,0.459979535642574
4.34934244285802,3.10524732706321,2.58446637183463,-0.520780955228573,3.51532293377801,0.124112695937639
4.03436960603126,2.77110687483903,2.3756180114186,-0.395488863420426,3.63035289731953,-0.209937912163817
3.6478604286178,2.44216494897155,2.19957222139131,-0.242592727580242,3.75082378593529,-0.52036559748804
3.21582199356034,2.13801889255003,2.05268261167372,-0.0853362808763091,3.85399546760118,-0.782459949484607
2.766393316511,1.87596852852406,1.96201335191638,0.0860448233923188,3.95103455514961,-0.982596093499133
2.32793791842744,1.66994195502316,1.92028234570712,0.250340390683965,4.02466831754107,-1.11227191599117
1.9267747576834,1.5297167747543,1.94308629884521,0.413369524090916,4.08699968956232,-1.1671727659446
1.5854749317085,1.46055587219351,2.01532382837253,0.554767956179018,4.1245370006845,-1.14505836269898
1.32159662348742,1.46316196533162,2.12964532828589,0.666483362954274,4.1356138939517,-1.05462439942285
1.14721934375102,1.533917401246,2.27148814940012,0.737570748154122,4.11509308857936,-0.905230297937648
1.06845992469625,1.66528605175876,2.42133702746342,0.756050975704661,4.05510410618075,-0.707817619408789
1.08584683052329,1.84642610714704,2.57757425755665,0.731148150409611,3.96632663095847,-0.470387034980443
1.19454747496914,2.06383134072139,2.72895753756818,0.665126196846787,3.85206750531488,-0.209597596856739
1.38406692595229,2.30216791914767,2.87103956138805,0.568871642240378,3.72571224426077,0.0532119700437969
1.63889960816284,2.54538661664673,2.99189497022222,0.446508353575485,3.59321598037779,0.303015279437089
1.9398801252889,2.77783915618496,3.0955287663954,0.317689610210445,3.47322054603716,0.523058423871929
2.26625713524902,2.98524719813553,3.17104377511242,0.185796576976887,3.36604732312937,0.704130347383001
2.59671496504932,3.15539109345963,3.19811847835553,0.0427273848958987,3.2603832140565,0.836096451173101
2.91033323480251,3.27877894897946,3.18101653617666,-0.097762412802801,3.16656470271287,0.912223288145863
3.18811801876231,3.34915634628294,3.12988826920429,-0.219268077078651,3.09656936938712,0.933517515771067
3.41403273514736,3.36373359439376,3.05588982941169,-0.307843764982066,3.06197665265024,0.893894960819833
3.57484030457384,3.32330284085711,2.94630766357317,-0.376995177283942,3.04855167021788,0.797007338634408
3.66152491358023,3.23235875458309,2.80899800403317,-0.423360750549925,3.05625480241169,0.651355579565353
3.67064401973473,3.09871714348014,2.66475995492145,-0.433957188558691,3.09162255194101,0.472259305092561
3.60493361111819,2.93273602826202,2.51666282789485,-0.416073200367175,3.14099446420878,0.273437594292038
3.47226326457145,2.74629437029924,2.35242351917899,-0.393870851120252,3.17697335107585,0.0664076489231831
3.28446364615239,2.5518811221219,2.21529954753953,-0.33658157458237,3.22882947394344,-0.132129659967604
3.05663765442284,2.36170713233241,2.12416382339324,-0.237543308939176,3.30341818892273,-0.305692165721791
2.80499086704263,2.18685993593926,2.08135097559103,-0.105508960348228,3.39555852522074,-0.451660631305192
2.54565811200667,2.0368670203072,2.06783139960791,0.0309643793007094,3.48156995372015,-0.561808973633586
2.29408473773857,1.91933500570288,2.08046311277414,0.161128107071259,3.55513454434194,-0.633816555384411
2.06425073098525,1.83967199755885,2.12391567404942,0.284243676490571,3.61775585987797,-0.66375183253325
1.86925480666763,1.80086823865127,2.16789867857485,0.367030439923587,3.6377774962692,-0.650170779565952
1.7193668093315,1.80316052446709,2.22179428108151,0.418633756614414,3.62835647827422,-0.597434882933762
1.62125528992535,1.84426257834332,2.28604196445059,0.441779386107272,3.59575396582552,-0.509828574222572
1.57830906179338,1.91965737913329,2.36023052553744,0.440573146404149,3.54465583599555,-0.39213446334268
1.59122154992783,2.02284998197483,2.47088549465983,0.448035512684996,3.50734357373015,-0.249256288799688
1.65748032322752,2.1456072335484,2.56474490691111,0.41913767336271,3.44011037187149,-0.0910334890080885
1.77047226476561,2.27851810835827,2.64931242778876,0.370794319430494,3.36282076413167,0.0673045285631495
1.92039678022409,2.41183138755753,2.72891948132493,0.317088093767403,3.29127956018681,0.217697875633345
2.09520315951001,2.53615318720178,2.80363777850858,0.267484591306793,3.23488591479451,0.347590249493147
2.2818384375493,2.64308717767131,2.8463435149747,0.203256337303391,3.17448612146693,0.448158587134616
2.46679752741814,2.72570997800573,2.84320765259612,0.11749767459039,3.10101152388248,0.517686545950797
2.63778934134553,2.77899272116734,2.81517547826543,0.0361827570980978,3.03683916355423,0.553391252068178
2.78396708628279,2.79988146922775,2.75970221710932,-0.0401792521184312,2.97998055494289,0.553860462642469
2.89624985484075,2.78744349512799,2.69089150397395,-0.0965519911540483,2.94297871147558,0.521088519579672
2.96816263703396,2.74286809326475,2.60158725632872,-0.141280836936031,2.91434230710156,0.458946972276157
2.9961801328293,2.66925053303783,2.51898786040625,-0.150262672631576,2.91638342445714,0.370776670016429
2.97921415847333,2.57131137113518,2.42352559041542,-0.147785780719765,2.9239960725537,0.26409136429801
2.91894502019932,2.45515711697545,2.32363037659489,-0.131526740380556,2.9388165800168,0.143477015369286
2.81952769138952,2.3278514572556,2.23326274950502,-0.0945887077505886,2.96656072084198,0.0187307651370985
2.68795316544485,2.19696305204419,2.1569522415332,-0.0400108105109853,3.00258890538564,-0.0980600000721209
2.53294809108103,2.06993407324598,2.08084784184851,0.0109137686025312,3.02687692900453,-0.205046513688433
2.36360576158019,1.95371837256145,2.02151767639835,0.0677993038368989,3.05199889588016,-0.298645489701771
2.18955593408626,1.85456471839316,1.97454828844939,0.119983570056239,3.06838738583615,-0.371340385190973
2.02092963069518,1.77761921276054,1.96194698873512,0.184327775974581,3.09268916380946,-0.418290512297936
1.86775510734384,1.72651766697791,1.95769921213251,0.231181545154601,3.0963807603351,-0.437485969938225
1.7385925974562,1.70311645261176,1.95624057231036,0.253124119698605,3.07444188944916,-0.429308474641866
1.64026303375651,1.70750054060291,1.98320275870646,0.275702218103551,3.0541537775729,-0.391167467582816
1.57744562066328,1.73799975818102,2.03335159694644,0.295351838765415,3.03269544463506,-0.329182239917027
1.55288488053962,1.79132387789313,2.10200726397394,0.310683386080802,3.00977050478068,-0.245265895799486
1.56655145280626,1.86270654448704,2.16478684536789,0.302080300880852,2.96735712995189,-0.148478744807174
1.61601922776227,1.94632729288106,2.23538062180724,0.28905332892618,2.92620429726704,-0.0415577208648065
1.69643252005629,2.03567401749093,2.30058142335498,0.264907405864045,2.88072554032544,0.0672872133373049
1.80068191424242,2.1240653504918,2.36354021685878,0.23947486636698,2.84175434132717,0.166820872434485
1.92034798771868,2.20517467083472,2.39741152232181,0.192236851487089,2.78899855001308,0.251283877990619
2.04630367614441,2.27342155673673,2.42036455482509,0.146942998088359,2.7453105946135,0.31722533648426
2.16948206951649,2.32431825648526,2.41599570094337,0.0916774444581116,2.69677907803262,0.361269423892692
2.28161219904472,2.35467517424843,2.38762085574962,0.032945681501185,2.64838685268196,0.381114576691483
2.37513948869876,2.36272308405729,2.34436207061743,-0.0183610134398518,2.61041145532274,0.374371541942085
2.4438028957402,2.34828224848667,2.28310426943908,-0.0651779790475886,2.57834403437388,0.341498039111379
2.48368848969746,2.31272073182622,2.21780384460279,-0.0949168872234295,2.5629039143215,0.289967592705842
2.49255700437242,2.25871557278072,2.14689796342878,-0.111817609351936,2.55866571755832,0.218835242556723
2.47044922395595,2.19014937267152,2.0656991160494,-0.124450256622126,2.55555815266667,0.138258156233291
2.4194786372234,2.11174290285993,1.98886633203488,-0.122876570825046,2.56160074975925,0.0519763047234052
2.34384063920343,2.02871799324601,1.93187247409197,-0.0968455191540347,2.58525744663663,-0.0324343394954821
2.24947080905529,1.94634200176969,1.87290875865452,-0.0734332431151767,2.59841126781715,-0.108664371035331
2.14323790807025,1.86952038127611,1.83900736156145,-0.0305130197146554,2.62408250693361,-0.17379003382633
2.03204907419973,1.80252560180572,1.81687314503088,0.0143475432251602,2.64614629936153,-0.223102274521535
1.92282991009238,1.7488416328486,1.81807103854192,0.069229405693328,2.67364795459341,-0.254806726743812
1.82206900709169,1.71094958849576,1.83356620752619,0.122616619030431,2.69638617617181,-0.26930711716438
1.73549769853946,1.69022190195493,1.85779980044689,0.167577898491964,2.70873011622168,-0.263844295977081
1.66769341939986,1.68685838069443,1.8829400179171,0.196081637222678,2.70317453298627,-0.240402546580142
1.62222412182079,1.69989398356142,1.92331182515175,0.223417841590324,2.69502683602869,-0.198308467663653
1.60127305772691,1.72717597391756,1.96587810373844,0.238702129820879,2.67503596684416,-0.143252596801007
1.60467721536988,1.76553393358215,2.01253299240534,0.246999058823194,2.65057910406219,-0.0790182228651882
1.63058065265534,1.81116769646627,2.05760097024695,0.246433273780678,2.61964964618912,-0.00920408297725255
1.6762887085391,1.85984148610732,2.10755409249826,0.247712606390937,2.59290874117886,0.0609334044907778
1.73749236922484,1.90704265682949,2.14813963334671,0.241096976517224,2.56256457471535,0.127457250787181
1.80824955426795,1.94844264166738,2.1588848149593,0.210442173291922,2.51474055105014,0.182113426705487
1.88164983797514,1.98035580638035,2.16373730670256,0.183381500322206,2.47708261306853,0.223041919294765
1.95135870011353,2.00005831768806,2.16137263457054,0.161314316882483,2.45015436681548,0.245011922898983
2.01127514926411,2.00584389913627,2.12591022797577,0.120066328839502,2.40967022058321,0.2481464121324
2.05618408388229,1.99724688365272,2.06342574707806,0.0661788634253456,2.3607983399294,0.229428116799595
2.08268911888847,1.97500513914704,1.98597966671835,0.0109745275713159,2.31245320580153,0.194131962766572
2.08932989084786,1.94083000827523,1.92173236575233,-0.0190976425228936,2.28878370354626,0.148878975908468
2.0761118772169,1.89716407148655,1.84346167231767,-0.0537023991688756,2.25906334635807,0.0963745493113127
2.04415298790587,1.84701729416724,1.77711481851581,-0.0699024756514325,2.24582804738604,0.0404483393031175
1.99570899208335,1.79381121512403,1.72808835272758,-0.0657228623964468,2.25030850082972,-0.0165399269001141
1.93433602693772,1.74114644070532,1.6922060881647,-0.0489403525406142,2.26500668462273,-0.0707764672134825
1.86389365176007,1.692541153805,1.65781563349974,-0.0347255203052606,2.27600105130749,-0.122438869983045
1.78884303320473,1.65135487619216,1.62918012455413,-0.022174751638027,2.28457057392651,-0.16466051518767
1.71405187677355,1.62053495505175,1.61020517145908,-0.0103297835926738,2.29150638291,-0.197508702117822
1.64462591537248,1.60241741561272,1.60929538186487,0.00687796625214471,2.3032227519956,-0.215590245481898
1.58514555640202,1.59853528402885,1.60559025783949,0.00705497381063744,2.29717554687062,-0.219384110079577
1.5400354662254,1.6095579914649,1.62562345360065,0.0160654621357469,2.29911313892953,-0.206126271670014
1.51260019751067,1.63512296922775,1.65696083007029,0.0218378608425395,2.29758670787376,-0.178276751200247
1.50498387828446,1.67394403776481,1.70386210445868,0.0299180666938681,2.29906501015121,-0.137810950405869
1.51790387873207,1.72388127861291,1.75069896937923,0.0268176907663211,2.290903578103,-0.0879588083148891
1.55077353179915,1.78212834249458,1.81498176506703,0.0328534225724514,2.2937124658413,-0.0325771199846998
1.60192818479624,1.84536513945204,1.87056144815322,0.0251963087011861,2.28358171620102,0.0289229771400647
1.66899536026768,1.90988918099641,1.92996363401017,0.0200744530137575,2.27518186133776,0.0909729779994321
1.74880238956822,1.9717050873344,1.9823038040941,0.010598716759697,2.26132722263711,0.152676399655178
1.83697450793634,2.02672725305913,2.0301478340466,0.0034205809874689,2.2498742724281,0.206665125708181
1.9279904422868,2.07113219907938,2.07139318062032,0.000260981540945605,2.24509953479053,0.249651146962306
2.01520833692036,2.10176641852135,2.10397348245602,0.00220706393466591,2.25102416385756,0.274149216731205
2.09153994922637,2.11661611806643,2.11314527394554,-0.00347084412088856,2.25593365188079,0.274710258968706
2.15125534214141,2.11507929448614,2.09388063568277,-0.0211986588033654,2.25351846141213,0.255574440984599
2.19046732321557,2.09784258679238,2.05146952195288,-0.0463730648395062,2.24603624401812,0.221048521976731
2.20673774941358,2.06674476754728,1.98205182617708,-0.0846929413702057,2.22504185881082,0.173246093760803
2.19996150088285,2.02463393870996,1.90115174726339,-0.123482191446562,2.2002781819939,0.115127147578269
2.17191700940934,1.97494618568932,1.84074472747917,-0.134201458210159,2.19858943925934,0.0525391956476717
2.12585754716608,1.92140464983976,1.79356848399797,-0.12783616584179,2.20802453968344,-0.00725377006709013
2.06600440861932,1.86771566099343,1.75208810205427,-0.115627558939159,2.21730736873144,-0.0624224911059426
1.9970899570867,1.81734468278188,1.74109009395264,-0.0762545888292395,2.24874536137309,-0.109437697615965
1.92392292070069,1.77334450339267,1.73923173306339,-0.0341127703292815,2.27852875672152,-0.145222961436869
1.85149087591985,1.73822009116364,1.75251024992703,0.0142901587633904,2.30954832684472,-0.166627654660402
1.78490844880827,1.71370730526949,1.77318788002663,0.0594805747571389,2.33232918211501,-0.172659889806888
1.72846856189479,1.70060042090526,1.79737496965115,0.0967745487458913,2.34463410452967,-0.166377839064475
1.68488081974119,1.69883540273831,1.82129577493902,0.122460372200715,2.34540736295912,-0.149686891582069
1.65591449748577,1.70767990899335,1.85737647684406,0.149696567850711,2.34849940193109,-0.121228710357871
1.64246299099014,1.72575825806648,1.90128420936799,0.175525951301509,2.35043572767964,-0.0843547225982969
1.64478536297868,1.75111663310085,1.93512560596872,0.184008972867878,2.3348219948514,-0.0411115768666518
1.66224300899021,1.78124688134583,1.95531250468108,0.174065623335248,2.30135465222482,0.00561450201187515
1.69280567797889,1.81325477411472,1.97984528644325,0.166590512328526,2.27219533857087,0.0513515155370316
1.73356442991825,1.84414017418817,2.00190128424463,0.15776111005646,2.24392055704301,0.0960730951890735
1.78089674214585,1.87097528920984,2.02616029436211,0.155185005152266,2.22433905309778,0.134883005871227
1.8306013995424,1.89113018541214,2.03854257895746,0.147412393545322,2.20211594167083,0.164748679384244
1.8784388854802,1.90247672499658,2.03129391804357,0.128817193046988,2.17103859666824,0.183690404266439
1.92056315500413,1.90348883805314,2.0179417178149,0.114452879761761,2.14671040924664,0.191070168869093
1.95280315851504,1.89334475189655,1.98898325680869,0.0956385049121382,2.12150860341231,0.184586718771863
1.97165351150347,1.87219640614162,1.94490188729445,0.0727054811528299,2.09542778590428,0.162834657202532
1.97484935155402,1.84112679543014,1.8956931523267,0.0545663568965612,2.07566863231983,0.129238563223314
1.96184631965231,1.802008922395,1.84395896663526,0.0419500442402543,2.06087014077364,0.0877913957337199
1.93347486310786,1.75722982537619,1.77122826541748,0.0139984400412926,2.02933487730933,0.0415500146644261
1.891421063175,1.70950647230685,1.71039300214237,0.000886529835519737,2.01091799531665,-0.00665487379405208
1.83841966096433,1.66173283065326,1.65858767179207,-0.00314515886118774,1.99932753662533,-0.0528994065627423
1.77792711482196,1.61672511870984,1.62924372478195,0.0125186060721079,2.00404398199488,-0.0917157836953717
1.71421285417649,1.57700599413062,1.60956304513267,0.0325570510020535,2.00886212362412,-0.120624865897817
1.65149716732624,1.54453130712774,1.59690876222697,0.0523774550992202,2.00921707971583,-0.13840119177263
1.59385034952451,1.52060541313419,1.60379399823775,0.0831885851035579,2.016171214188,-0.141793325685515
1.54490759703,1.50574692241727,1.61837555978833,0.112628637371066,2.01852616869975,-0.133758283295145
1.50695944992415,1.49968532578484,1.64897345180923,0.149288126024391,2.02707536923236,-0.115986914802066
1.4812669808947,1.50155080209395,1.67298029113452,0.171429489040566,2.02191361432959,-0.091703766990881
1.46796338784816,1.50997463618183,1.70268943178693,0.192714795605097,2.01818110870829,-0.0624985472497932
1.46628403022904,1.52327573386444,1.72656968640437,0.203293952539935,2.00654139204823,-0.0319122035662153
1.47495304557707,1.53957881341503,1.7341656983979,0.194586884982861,1.97754476524446,0.00100583707421229
1.49252810022156,1.55686430646592,1.7440298082971,0.187165501831171,1.95002124866145,0.0359514266368178
1.51732950797823,1.57297060885457,1.74529164554358,0.172321036689008,1.91486352973319,0.0707342497609765
1.54679202428409,1.58569099922358,1.74483698063051,0.159145981406926,1.88266578486574,0.101451160543191
1.57741410662675,1.59306153148711,1.74171359533449,0.148652063847384,1.85552817796984,0.123333619331284
1.60580472467195,1.59361306462481,1.73896696010133,0.145353895476523,1.83768804470867,0.135906758470889
1.62891154855424,1.58640127052091,1.72976531933712,0.143364048816208,1.82201701701292,0.139580803881732
1.64449489710949,1.57103057335373,1.70126326375704,0.130232690403305,1.79476138001436,0.135715329776516
1.6508483549021,1.54756915496816,1.65814345193184,0.11057429696368,1.76081116331006,0.123563365977961
1.64635390703775,1.51659125471342,1.61785386278102,0.101262608067606,1.73774729965122,0.102175192677931
1.63011096042574,1.47925491122642,1.57438684655779,0.0951319353313697,1.71616713752161,0.0753488705493646
1.60318531941736,1.43711323255563,1.54261640327396,0.105503170718335,1.70594133094895,0.0482455678561713
1.56763425699462,1.39167647253166,1.50747919492495,0.115802722393291,1.69102912857207,0.0221072757970248
1.52475990838725,1.34433256963718,1.46276529466095,0.118432725023773,1.66688580908856,-0.00509900077850303
1.47569401755459,1.29656174904341,1.43012085600264,0.133559106959224,1.65466422416547,-0.0294178365825021
1.42204949418134,1.24989347691431,1.4261224425636,0.176228965649295,1.66851056098056,-0.0507248051441153
1.36596241255082,1.20575730559143,1.41525345035222,0.209496144760795,1.67097210230621,-0.0684057406629644
1.30973097243484,1.16533472206212,1.37892612178276,0.213591399720641,1.64333562027906,-0.0818591433598629
1.25512750955231,1.12951849172802,1.34713210916784,0.217613617439819,1.61696786855974,-0.0917592626607486
1.20330112096074,1.09902311825149,1.32173818000957,0.222715061758079,1.59421288363595,-0.0982499194781526
1.15549446870454,1.07444848324189,1.3023741630545,0.227925679812616,1.57356774984883,-0.101139624714456
1.11317521926534,1.0561648068571,1.28418939152266,0.228024584665561,1.54895802271104,-0.0986471322587285
1.07770630417015,1.04420935640081,1.25855608178549,0.214346725384679,1.51051212435541,-0.0902124333975715
1.05057414225435,1.03822126915609,1.23573628495086,0.197515015794762,1.4678539544507,-0.0732709891217164
1.03262476889854,1.03733175908027,1.22702730517394,0.189695546093668,1.43344354982798,-0.0525130176465601
1.02401202620397,1.0402679292344,1.22788185854589,0.187613929311494,1.40540349713471,-0.027723876103262
1.02378527142681,1.04545615587979,1.23200660802733,0.186550452147538,1.38015563643962,-0.00137931518646946
1.03042971875873,1.05125256582725,1.24549139996632,0.194238834139071,1.36661171739064,0.0238436882225555
1.04150431993068,1.05606926953492,1.24495516571385,0.188885896178925,1.34322363720236,0.0451414999131821
1.05489594800208,1.0586054102245,1.23801301467197,0.179407604447474,1.31902918823977,0.0594202583924734
1.06807069042272,1.05780149095447,1.21400919044753,0.156207699493062,1.28469253508599,0.0687206846785847
1.0788133765027,1.05305077400394,1.18897015640326,0.135919382399324,1.25534137982118,0.0710688289639258
1.08575433687193,1.04412016768743,1.14765889292176,0.103538725234322,1.21447072225177,0.0688872025282939
1.08788204083701,1.03104215807733,1.12534545294936,0.0943032948720322,1.19580819310072,0.0634864445987585
1.08496131934125,1.01408490608077,1.08527583785083,0.0711909317700596,1.1609828461351,0.0558251922505487
1.07707901248675,0.9935943080618,1.06078933934086,0.0671950312790573,1.14307037448523,0.0460395854399341
1.06431414617707,0.969993798911561,1.04489946459493,0.0749056656833723,1.13593173937789,0.0350461182818381
1.04644864760477,0.94383622692511,1.02370131632749,0.0798650894023811,1.12615673915125,0.0205125044903229
1.02360722180773,0.915892540765726,1.01358421257781,0.097691671812084,1.12942056198919,0.00478570044299423
0.996302127979607,0.887064256219804,0.996380033044272,0.109315776824466,1.12634378358982,-0.0109848453497822
0.965357129559794,0.858327638835801,0.973404276999735,0.115076638163933,1.11741032329536,-0.0268277302719831
0.93171946160726,0.830678875483683,0.941346040138442,0.110667164654758,1.09882659076288,-0.0409266643576117
0.896327375487082,0.805122006987898,0.916500973487424,0.111378966499527,1.08565739872388,-0.0549461934438756
0.860746645760224,0.782628531925634,0.894128861578388,0.111500329652754,1.07210861218612,-0.064943943965208
0.826259780571908,0.763975185987029,0.874747980580682,0.110772794593653,1.05851830098355,-0.0723830632981378
0.794072487919114,0.749820608212579,0.855596801675799,0.10577619346322,1.040940239701,-0.0759352089025032
0.765779840962266,0.740612467408602,0.840037847762885,0.0994253803542837,1.02027181530122,-0.07365395076988
0.74338878781677,0.736397345208392,0.844500018176213,0.10810267296782,1.01180065689875,-0.0637456487743071
0.728261388583306,0.736671912467886,0.841032940894621,0.104361028426736,0.988303910626329,-0.0468099393631476
0.721184186337093,0.740478531152145,0.849629579443532,0.109151048291386,0.972463454364873,-0.0249275982180841
0.721443485969488,0.746491211692471,0.868113830911348,0.121622619218877,0.966020961656699,-0.00294468157053876
0.727527244219715,0.753359791175557,0.892278941204764,0.138919150029207,0.967212126452833,0.0168064123786675
0.73776519366793,0.759819344442742,0.899560547802619,0.139741203359877,0.955055460320037,0.0331866458179025
0.750180317352298,0.764757122967506,0.904954527959918,0.140197404992411,0.945278006763406,0.0464554923803582
0.763077387227498,0.767313041499535,0.882450023719839,0.115136982220305,0.911463879620359,0.0563068904292027
0.775001653779087,0.766829286146111,0.863704099759359,0.0968748136132476,0.884115154372228,0.0634087940769786
0.785160169610907,0.7628252253929,0.847637349483137,0.0848121240902376,0.8614275866621,0.0688383333787788
0.792642941209433,0.75488763421414,0.826332311377759,0.0714446771636189,0.836500896062515,0.0706106300621751
0.796262581373719,0.742795289803967,0.814229839268543,0.0714345494645756,0.824043966535958,0.0688163525083674
0.795397325900759,0.726575338741915,0.800531335711526,0.073955996969611,0.812207605271113,0.0634621134377852
0.789834215819369,0.706373065217875,0.79839003545032,0.0920169702324445,0.813098751735161,0.056559025114891
0.779769886211646,0.682395356625663,0.784278882813227,0.101883526187563,0.802724949599374,0.0505299574245618
0.765229262638447,0.654849047244436,0.76584351428216,0.110994467037724,0.789746622513483,0.0432283561063068
0.745819777202446,0.624052214511949,0.755131574439203,0.131079359927253,0.787678305131943,0.0322894466614192
0.721123672636381,0.590557888035092,0.738113164946764,0.147555276911671,0.783021295859413,0.0174388434439735
0.691014260773339,0.555180254019645,0.721026415063235,0.165846161043589,0.781783275523147,-2.18786027692569e-06
0.655583319726956,0.518976132542596,0.687664156787773,0.168688024245178,0.766482026995216,-0.020208945218472
0.615699606574391,0.483212659248576,0.644102869810762,0.160890210562185,0.741051159526501,-0.0406631548414242
0.572761009940573,0.449179596674666,0.601146915770094,0.151967319095428,0.714065168387497,-0.059228989531716
0.52868065493286,0.418070561796874,0.563636858812507,0.145566297015632,0.68857418313985,-0.0729190171756843
0.48536059415145,0.390834433587872,0.529066024248051,0.138231590660179,0.660841626672963,-0.0814161077354013
0.444781551426079,0.368139732010254,0.510729680443237,0.142589948432983,0.644306094851616,-0.0856891436965993
0.408257901970317,0.350311451095902,0.495851325443887,0.145539874347986,0.627440881859036,-0.0856849776965201
0.37669278034966,0.337461671657913,0.489626488028899,0.152164816370987,0.616768684700421,-0.0829538169830782
0.350408107888942,0.329526827902449,0.477744932335571,0.148218104433124,0.59936830704724,-0.0791572278901803
0.329404617723046,0.32638510308162,0.471433605907488,0.145048502825868,0.586118075755445,-0.0735776649155198
0.314148622085385,0.327845177659815,0.45348084321457,0.125635665554757,0.558531070524859,-0.0642977121820108
0.305013591247209,0.333495338855279,0.441005702694844,0.107510363839564,0.533664443238146,-0.0525002293455492
0.302018503843608,0.342733362931774,0.424777003136012,0.0820436402042381,0.501959838753597,-0.0368628015484372
0.305343630783617,0.354772868212322,0.416711820356475,0.0619389521441521,0.474861553498981,-0.0185373188096925
0.314877072670814,0.368550375897305,0.428224298375155,0.05967392247785,0.464843510857749,0.00243247211348701
0.32986420414765,0.38279861047967,0.437063847570702,0.0542652370910326,0.451173552552995,0.0242374299404086
0.349223812397868,0.396162993607146,0.447066241394741,0.0509032477875951,0.439887729725785,0.0449936084148239
0.371053061491269,0.407290541330303,0.465960451732016,0.0586699104017135,0.44102546010816,0.0624838174110387
0.393280971492251,0.415055408028292,0.475078425489266,0.0600230174609735,0.436463829845388,0.0750459841950698
0.414263172248805,0.418572274592966,0.476626249399701,0.0580539748067328,0.428131996932178,0.0840333105293661
0.432549267185044,0.417145240337655,0.476169885225777,0.059024644888122,0.422068238583416,0.0883520712533146
0.446603332810973,0.410308404805493,0.458159101505193,0.0478506966996981,0.403208703561014,0.0882292695294219
0.455180007541474,0.397896955491125,0.445505487950791,0.0476085324596651,0.393885634170275,0.0842469374866653
0.457467644713898,0.38000767474448,0.439273444385694,0.0592657696412122,0.393399730698343,0.0782118553997384
0.453474974207076,0.356921518602793,0.429290351639022,0.0723688330362274,0.390769220195055,0.0699558935011041
0.443014692730216,0.328980214902743,0.409618757078878,0.0806385421761345,0.382349070626795,0.0565254077287361
0.425174552075367,0.296771981064381,0.389524237739166,0.0927522566747844,0.378602537545878,0.0380512384384351
0.399872204381829,0.261299734146716,0.366703208479377,0.105403474332661,0.376540823243595,0.0153141942541721
0.367185326653801,0.223810946107864,0.34919319054361,0.125382244435746,0.383396187538377,-0.0105054137414035
0.327827540328194,0.185856537917866,0.30997907438685,0.124122536468984,0.369842691064122,-0.0372950178667281
0.283380900983812,0.149115240735103,0.256946589522615,0.107831348787513,0.341364665223822,-0.0625977756235871
0.235736936439414,0.115225709203041,0.225275385847942,0.110049676644901,0.331350616739908,-0.0851870609588103
0.187165280040932,0.085711648795185,0.181162516391814,0.0954508675966297,0.305094851108953,-0.104034981321007
0.139710225453934,0.0618736806672331,0.152387649105937,0.0905139684387052,0.291235427743811,-0.119920471513026
0.0947807915214875,0.0448619451623102,0.131011241286624,0.086149296124315,0.281812804565507,-0.132569554775737
0.0541783198119223,0.0357402021481554,0.111032628101171,0.0752924259530163,0.268260718594714,-0.139319593618548
0.0202633295397156,0.0352616322707459,0.102666439920878,0.0674048076501328,0.258025065827803,-0.138583708965292
-0.00447237223619291,0.0436632932039402,0.0922139188333501,0.0485506256294101,0.236418399684394,-0.128352285927237
-0.0181850689362435,0.0605613637989616,0.0821511041430405,0.0215897403440788,0.206456269970358,-0.109746956544332
-0.0196939436793409,0.0850057954346856,0.0982539262564282,0.0132481308217425,0.195505998713881,-0.0835075350122463
-0.00884356670722117,0.115528552805256,0.128644538874648,0.0131159860693929,0.194365457544026,-0.0524843555747997
0.0134507116687646,0.15032458102403,0.166165282617396,0.0158407015933657,0.198133300257328,-0.0188777705310379
0.0458406388857477,0.187411360163453,0.197454517715915,0.0100431575524609,0.195165517797401,0.0153899815938036
0.0863747666417888,0.224682401202816,0.229378113695855,0.00469571249303796,0.19428497758397,0.0480495221083134
0.132706153761905,0.260056056171359,0.250843005176496,-0.00921305099486412,0.185893976131508,0.0784857613381184
0.1823553866743,0.291563017801611,0.264946588158696,-0.0266164296429151,0.17558955551526,0.103595494496344
0.231993764070131,0.317467525495955,0.28074155422604,-0.0367259712699169,0.175056796397976,0.12092225080871
0.278420404345706,0.336549182195012,0.285905162772209,-0.0506440194228039,0.17159037502971,0.130398505726285
0.319479365029597,0.348066463287168,0.290272615662895,-0.0577938476242739,0.173981503490076,0.133293149328463
0.353216466449962,0.351627329764231,0.291668327275953,-0.0599590024882802,0.179593531482352,0.12970726144275
0.378297860761881,0.347260221237784,0.272295132221691,-0.0749650890160936,0.169679588585812,0.120330490687193
0.393923474515455,0.33531500982767,0.263721187405242,-0.0715938224224299,0.175318145008589,0.106424041638659
0.399499506260448,0.316449562649926,0.265314861660677,-0.0511347009892501,0.195625700028047,0.0876271350033538
0.394828132900689,0.29165304600462,0.252971426964628,-0.0386816190399932,0.205373497873795,0.0653130177558335
0.380390742589962,0.262185891206731,0.248277062680825,-0.0139088285259053,0.224337982305162,0.0406409024989294
0.357301516594922,0.22945326047703,0.238428808435722,0.00897554795869032,0.238770982870702,0.0155673090127153
0.32663869746698,0.194920077101173,0.221181706555421,0.0262616294542491,0.245756614061773,-0.00984199084939612
0.289912213276247,0.160139450429495,0.204356755209867,0.0442173047803729,0.251845188261868,-0.0338583573515058
0.248859328378894,0.126621801919294,0.191782187826175,0.0651603859068817,0.259260447710302,-0.0554670258994326
0.20564723914691,0.095766630910349,0.181981464318031,0.0862148334076824,0.264874018235778,-0.0722650528834296
0.162482601421118,0.0687086120095836,0.164007645351799,0.0952990333422166,0.256115747972187,-0.0833180598741033
0.121808878953077,0.0462465569098852,0.158608566878681,0.112362009968796,0.252747903501926,-0.0872510718123255
0.0856447160801716,0.0287048121967782,0.153855446425999,0.125150634229221,0.24296453389742,-0.0836990420671889
0.0555613321841271,0.015974705735184,0.160690767243527,0.144716061508343,0.238871941260893,-0.0740338569888152
0.0322445014721285,0.00753909581904507,0.165497215393454,0.157958119574409,0.228727915062274,-0.0600167093712693
0.0157574124103009,0.00262739366884837,0.178986404861345,0.176359011192497,0.225024994597205,-0.0437609541241377
0.00560969494226376,0.000293999807559537,0.180681569792999,0.18038756998544,0.209665244131132,-0.0273762329269741
0.000548348107417179,-0.000444853182859353,0.179082694801923,0.179527547984782,0.193846256534224,-0.0139623216245458
-0.00111985692602203,-0.000414441926129866,0.16083894576579,0.16125338769192,0.16573830728012,-0.00458800436172354
-0.000953280086406669,-0.000176244522393352,0.139659200742205,0.139835445264598,0.13934521460815,0.000299665234267295
-0.000295962407075391,-2.61531662529728e-05,0.111050713522015,0.111076866688267,0.109651067370096,0.00131114788560384
-3.10299963015872e-05,-8.65799235310269e-07,0.0743252490441579,0.0743261148433916,0.0736902933444212,0.000600554113679697
-1.23253676149573e-06,-6.92788220206879e-09,0.0405395009225104,0.0405395078503917,0.0404028856693675,0.00012951325590812
-4.66341266530188e-08,-5.05239745788132e-11,0.0164798505171047,0.0164798505676273,0.0164505613881502,2.77784771732658e-05
-1.32298734491615e-09,-2.35233506199294e-13,-0.00264896632953412,-0.00264896632929951,-0.00265454990419774,5.29600498805253e-06
-2.80708241287941e-16,-8.42124723863822e-16,-0.0104841986298619,-0.0104841986298617,-0.0104841986298613,-8.0703619370283e-16
